gse_accession	title	gdstype	n_samples	pubmed_ids	platform	is_superseries	prefilter	characterized
GSE345409	CD39-stratified CD8+ tumor-infiltrating lymphocytes from head and neck squamous cell carcinoma profiled by bulk RNA sequencing after ex vivo anti-PD-1 and polydatin treatment	Expression profiling by high throughput sequencing	12		GPL34281	False	n_samples_below_min	False
GSE333537	Phase I trial of intravenous VCN-01 oncolytic adenovirus and durvalumab in patients with head and neck metastatic squamous cell carcinoma refractory to immunotherapy	Expression profiling by high throughput sequencing	35		GPL18573	False	pass	False
GSE332566	Study of the predictive value of genomic, transcriptomic and epigenetic biomarkers in patients with recurrent and/or metastatic head and neck squamous cell carcinoma treated with PD-1/PD-L1 inhibitors	Methylation profiling by genome tiling array	26		GPL34510	False	pass	False
GSE314413	High throughput sequencing of T cells from a patient undergoing immune checkpoint inhibitor therapy [P365-5]	Expression profiling by high throughput sequencing	9		GPL30173	False	n_samples_below_min	False
GSE313598	High throughput sequencing study	Expression profiling by high throughput sequencing; Other	54		GPL30173	True	pass	False
GSE317007	FLARE: a Long-Read Nanopore Fragmentomics Pipeline Integrating Copy Number, Methylation, and End-Motif Analysis for Liquid Biopsy	Other	12	41908150	GPL26167	False	n_samples_below_min	False
GSE310856	Cisplatin-based chemoradiation induces delayed systemic tumor-specific T cells expansion in patients with locally advanced head and neck cancer	Expression profiling by high throughput sequencing	33	41749511	GPL24676	False	pass	True
GSE301720	Integrated single-cell and spatial analysis identifies context-dependent myeloid-T cell interactions in head and neck cancer immune checkpoint blockade response	Expression profiling by high throughput sequencing	8	41837744	GPL34284	False	n_samples_below_min	False
GSE301741	Single cell analysis highlights the significance of malignant cell IFN/MHC-II for immunotherapy response in head and neck squamous cell carcinoma	Expression profiling by high throughput sequencing	58	41923630	GPL24676	False	pass	True
GSE235832	Piezoeletric cold atmospheric plasma sensitizes head and neck cancer  to chemotherapy and immune checkpoint blockade therapy	Expression profiling by high throughput sequencing	24		GPL21290	False	pass	False
GSE307471	Intratumoral bacteria are immunosuppressive and promote immunotherapy resistance in head and neck squamous cell carcinoma	Expression profiling by high throughput sequencing	33	41482523	GPL24676;GPL24247	False	pass	True
GSE286827	4-1BB+ Tregs and inhibitory progenitor exhausted T cells confer resistance to anti-PD-L1 and anti-CTLA-4 combination therapy 	Expression profiling by high throughput sequencing	87	41045934	GPL20795	False	pass	True
GSE306800	Extracellular matrix-myCAF signatures correlate with resistance to neoadjuvant aPD-L1 immune checkpoint inhibition with durvalumab + metformin in HPV+ HNSCC	Expression profiling by high throughput sequencing	18	40932382	GPL24676	False	n_samples_below_min	False
GSE291246	Induced B Cell Receptor Diversity Predicts PD-1 Blockade Immunotherapy Response	Other	35	40314973	GPL33762	False	pass	True
GSE288199	Distinct CD8+ T cell dynamics associate with response to neoadjuvant cancer immunotherapies	Expression profiling by high throughput sequencing; Other	180	40086437	GPL24676	False	pass	True
GSE280354	Inhibition of the chemokine receptors CXCR1 and CXCR2 synergizes with docetaxel for effective tumor control and remodeling of the immune microenvironment of HPV-negative head and neck cancer models [human]	Expression profiling by high throughput sequencing	6	39639338	GPL30173	False	n_samples_below_min	False
GSE281729	Response-Adaptive Surgical Timing in neoadjuvant immunotherapy demonstrates enhanced pathologic treatment response in Head and Neck Squamous Cell Carcinoma	Expression profiling by high throughput sequencing	67	39585339	GPL24676	False	pass	True
GSE277573	Methylation cytometric pretreatment blood immune profiles with tumor mutation burden as prognostic indicators for survival outcomes in head and neck cancer patients on anti-PD-1 therapy	Methylation profiling by array	100	39558036	GPL21145;GPL33022	False	pass	True
GSE270047	Analytical performance of OncoPrism-HNSCC, an RNA-based assay to inform immune checkpoint inhibitor treatment decisions for recurrent/metastatic head and neck squamous cell carcinoma	Expression profiling by high throughput sequencing	434		GPL18573	False	pass	False
GSE273138	Dendritic cell effector mechanisms and tumor immune microenvironment infiltration define TLR8 modulation and PD-1 blockade	Expression profiling by high throughput sequencing	12	39282367;39697344	GPL18573	False	n_samples_below_min	False
GSE259280	Transcriptomic and proteomic spatial profiling of tertiary lymphoid aggregates in head and neck cancer reveal spatial tissue dynamics and profiles associated with immunotherapy response [protein]	Other	375	39049036	GPL34246	False	pass	True
GSE268534	Synthetic lethal CRISPR screen identifies a cancer cell-intrinsic role of PD-L1 in regulation of vulnerability to ferroptosis [CUT&Tag]	Genome binding/occupancy profiling by high throughput sequencing	3	38985676	GPL24676	False	n_samples_below_min	False
GSE268533	Synthetic lethal CRISPR screen identifies a cancer cell-intrinsic role of PD-L1 in regulation of vulnerability to ferroptosis [CRISPR screening]	Other	2	38985676	GPL16791	False	n_samples_below_min	False
GSE234138	Capturing the dynamic interactions between tumor and immune components of the tumor micro-environment is important for determining efficacy of anti-PD1 treatment	Expression profiling by array	114	38383563	GPL27956	True	pass	False
GSE234136	Capturing the dynamic interactions between tumor and immune components of the tumor micro-environment is important for determining efficacy of anti-PD1 treatment [Post Culture_Metadata]	Expression profiling by array	91	38383563	GPL27956	False	pass	False
GSE212551	Expression profiling in R/M HNSCC treated with immunotherapy	Expression profiling by array	100	38290766	GPL23126	True	pass	False
GSE212550	Expression profiling in R/M HNSCC treated with immunotherapy (testing set)	Expression profiling by array	20	38290766	GPL23126	False	pass	False
GSE212549	Expression profiling in R/M HNSCC treated with immunotherapy (training set)	Expression profiling by array	80	38290766	GPL23126	False	pass	False
GSE210963	Single-Cell RNA-Seq Analysis of Patient Myeloid-Derived Suppressor Cells and the Response to Inhibition of Bruton’s Tyrosine Kinase	Expression profiling by high throughput sequencing	6	38015751	GPL24676	False	n_samples_below_min	False
GSE232240	Dual immune checkpoint blockade induces analogous alterations in the dysfunctional CD8+ T cell and activated Treg compartment	Expression profiling by high throughput sequencing; Other	20	37548431	GPL18573;GPL21697	False	pass	False
GSE233494	Epigenetic silencing by SMYD3 represses tumor intrinsic interferon response in HPV-negative squamous cell carcinoma of the head and neck [RNA-seq]	Expression profiling by high throughput sequencing	22		GPL30173;GPL18573;GPL24676	False	pass	False
GSE233168	Epigenetic silencing by SMYD3 represses tumor intrinsic interferon response in HPV-negative squamous cell carcinoma of the head and neck [ChIP-seq]	Genome binding/occupancy profiling by high throughput sequencing	26		GPL30173	False	pass	False
GSE226134	Spatially defined gene signatures uncover the association of extracellular matrix genes with immunotherapy resistance in head and neck squamous cell carcinoma	Other	240	37057033	GPL24676	False	pass	False
GSE210287	Towards a mechanistic understanding of patient response to neoadjuvant SBRT with anti-PDL1 in human HPV-unrelated locally advanced HNSCC: Phase I/Ib trial results	Expression profiling by high throughput sequencing	22	36385142;36434392;38363297	GPL18573	False	pass	False
GSE213047	Single-cell transcriptomic profiling for inferring tumor origin and mechanisms of therapeutic resistance  	Expression profiling by high throughput sequencing	3	36210388	GPL18573	False	n_samples_below_min	False
GSE200996	Tissue-resident Memory and Circulating T cells are Early Responders to Pre-surgical Cancer Immunotherapy	Expression profiling by high throughput sequencing	204	35803260;38655196	GPL18573;GPL20795;GPL16791;GPL15520;GPL20301	False	pass	False
GSE195832	Immunostimulatory cancer-associated fibroblast subpopulations can predict immunotherapy response in head and neck cancer	Expression profiling by high throughput sequencing	86	35262677	GPL24676	False	pass	False
GSE161785	Gene-expression profiling on a HPV-related head and neck cancer patient with idiopathic CD4 lymphocytopenia and complete remission to checkpoint inhibitors	Expression profiling by array	10	35083153	GPL23159	False	n_samples_below_min	False
GSE190575	Afatinib and Pembrolizumab for Recurrent or Metastatic Head and Neck Squamous Cell Carcinoma (ALPHA Study): A Phase II Study with Biomarker Analysis	Other	31	35046059	GPL31055	False	pass	False
GSE179730	Response and recurrence correlates in patients treated with neoadjuvant anti-PD-1 therapy for resectable oral-cavity squamous cell carcinoma	Expression profiling by high throughput sequencing	23	34755131	GPL24676	False	pass	False
GSE159237	Immunotherapy Study of Evofosfamide in Combination With Ipilimumab (NCT03098160)	Expression profiling by high throughput sequencing	25	33771853	GPL16791	False	pass	False
GSE148162	Dual Relief of T-Lymphocyte Proliferation and Effector Function Underlies Response to PD-1 Blockade in Epithelial Malignancies	Expression profiling by high throughput sequencing	4	32295784;33332284	GPL21697	False	n_samples_below_min	False
GSE138147	A novel IFNα-induced long noncoding RNA, lncMX1-215, negatively regulates immunosuppression by interrupting H3K27 acetylation in head and neck squamous cell carcinoma	Expression profiling by high throughput sequencing	12	31907020	GPL20795	False	n_samples_below_min	False
GSE113282	Comprehensive Characterization of the Tumor Immune Micromilieu and its Interference with Outcome After Concurrent Chemoradiation in Patients with Locally Advanced Oropharyngeal Carcinomas	Expression profiling by array	100	31413922	GPL23249	False	pass	False
GSE93157	Programmed death 1 receptor blockade and immune-related gene expression profiling in non-small cell lung carcinoma, head and neck squamous cell carcinoma and melanoma	Expression profiling by array	65	28487385	GPL19965	False	pass	False
